{"cameraMode":{"drawMode":0,"name":"Shaded","section":"Shading Mode"},"sceneLighting":true,"audioPlay":false,"sceneViewState":{"m_AlwaysRefresh":false,"showFog":true,"showSkybox":true,"showFlares":true,"showImageEffects":true,"showParticleSystems":true,"showVisualEffectGraphs":true,"m_FxEnabled":true},"in2DMode":false,"pivot":{"x":-0.0011472105979919434,"y":1.0484704971313477,"z":0.4474461078643799},"rotation":{"x":0.26105958223342898,"y":-0.0361940823495388,"z":0.00979556143283844,"w":0.9645950794219971},"size":6.947517395019531,"orthographic":false}